dc.date.issued[en_US],dc.publisher,dc.date.issued[],dc.identifier.uri[],dc.title[en],dc.publisher[en_US],dc.date.issued,dc.identifier.uri,id,collection,dc.title[en_US],dc.contributor.author[en_US],dc.title[],dc.contributor.author[],dc.contributor.author,dc.publisher[en]
,,2016-05-29,,,,,http://hdl.handle.net/1813/44263,45439,1813/47,,,A Stable Isotopic (Carbon And Nitrogen) Evaluation Of Regional Differences In Herded Animal Diet And Pastoral Risk Management Practices During The Xiongnu Period Of Mongolia.,"Cameron, Asa",,
,,2016-05-29,,,,,http://hdl.handle.net/1813/44266,45442,1813/47,,,Learning From Natural Human Interactions For Assistive Robots,"Jain, Ashesh",,
,,2016-02-01,http://hdl.handle.net/1813/42871,,,,,44004,1813/47,Farm Loan Demand Elasticities and the Relationship Between the Farm Credit System and Commerical Bank Lending,,,"Carduner, Amy",,
,,2016-02-01,http://hdl.handle.net/1813/42872,,,,,44005,1813/47,"Temporal and Spatial Coordination of the Hippocampus, Retrosplenial Cortex, and Anterior Thalamus",,,"Swanson, Rachel",,
,,2016-02-01,,,,,http://hdl.handle.net/1813/43555,44718,1813/47,,,Fuzzy-Trace Theory And The Neural Basis Of The Framing Effect In Adolescents,"Evans, Alyssa",,
,,2016-02-01,,,,,http://hdl.handle.net/1813/43557,44720,1813/47,,,There'S A New Left In Town: The Politics Of Solidarity In Occupied Jerusalem,"Grabiner Keinan, Adi",,
,,2016-02-01,,,,,http://hdl.handle.net/1813/43561,44724,1813/47,,,Aesthetic Impropriety: Properties Of Law And Politics In Postcolonial Literature,"Casey, Anna",,
,,2016-02-01,,,,,http://hdl.handle.net/1813/43563,44726,1813/47,,,Effects Of Salmonid Management On Native Species And Ecosystem Function In New York Streams,"Alexiades, Alexander",,
,,2016-02-01,,,,,http://hdl.handle.net/1813/43564,44727,1813/47,,,Micelle And Soft-Particle Dynamics,"Rolfe, Bryan",,
,,2016-02-01,,,,,http://hdl.handle.net/1813/43565,44728,1813/47,,,The Evolutionary Ecology Of Elevational Specialization In Tropical Montane Birds,"Freeman, Benjamin",,
,,2016-02-01,,,,,http://hdl.handle.net/1813/43567,44730,1813/47,,,Jointed Pipeline Response To Large Ground Movements,"Wham, Brad",,
,,2016-02-01,,,,,http://hdl.handle.net/1813/43569,44732,1813/47,,,Architecture And Synthesis For Dynamically Reconfigurable Asynchronous Fpgas,"Hill, Benjamin",,
,,2016-02-01,,,,,http://hdl.handle.net/1813/43570,44733,1813/47,,,Extracting Opinions And Events From Text: Joint Inference Approaches,"Yang, Bishan",,
,,2016-02-01,,,,,http://hdl.handle.net/1813/43575,44738,1813/47,,,Lost In Transportation: Trade Networks And The Materiality Of Cargoes In The Ancient Mediterranean,"Fulton, Carrie",,
,,2016-02-01,,,,,http://hdl.handle.net/1813/43577,44740,1813/47,,,"Discovering Gold In The Greater Antilles – The Natural History And Breeding Biology Of The Hispaniolan Golden Swallow, Followed By The Status Of The Critically Endangered Jamaican Golden Swallow","Proctor, Christopher",,
,,2016-02-01,,,,,http://hdl.handle.net/1813/43578,44741,1813/47,,,"Complexity In The Open Grazing System: Rangeland Ecology, Pastoral Mobility And Ethnobotanical Knowledge In Borana, Ethiopia","Liao, Chuan",,
,,2016-02-01,,,,,http://hdl.handle.net/1813/43580,44743,1813/47,,,Termination Of Replication Stress Signaling In Saccharomyces Cerevisiae,"Jablonowski, Carolyn",,
,,2016-02-01,,,,,http://hdl.handle.net/1813/43581,44744,1813/47,,,Efficient Ranking And Selection In Parallel Computing Environments,"Ni, Cao",,
,,2016-02-01,,,,,http://hdl.handle.net/1813/43588,44751,1813/47,,,Assessing The Mechanical Behavior Of Treatments For Focal Articular Cartilage Lesions,"Griffin, Darvin",,
,,2016-02-01,,,,,http://hdl.handle.net/1813/43589,44752,1813/47,,,Using Picosecond Heat Pulses To Measure Magnetization,"Ngai, Darryl",,
,,2016-02-01,,,,,http://hdl.handle.net/1813/43590,44753,1813/47,,,Insight Into The Mechanisms Of Transcription Regulation By A Merr-Family Metalloregulator Through Single-Molecule Analysis,"Smart, Danya",,
,,2016-02-01,,,,,http://hdl.handle.net/1813/43597,44760,1813/47,,,Investigation Of The Innate Immune Response To Circulating Tumor Cells In Preclinical Animal Models Of Cancer Metastasis,"Wayne, Elizabeth",,
,,2016-02-01,,,,,http://hdl.handle.net/1813/43599,44762,1813/47,,,Resource Governance As Depoliticized Development: The Rise Of Fisheries Co-Management In Vietnam,"Oh, Edmund",,
,,2016-02-01,,,,,http://hdl.handle.net/1813/43613,44776,1813/47,,,Contributions Of The Medial Prefrontal Cortex To Managing Memory And Resolving Mnemonic Interference,"Peters, Gregory",,
,,2016-02-01,,,,,http://hdl.handle.net/1813/43621,44784,1813/47,,,Natural Variation And Divergence Of Repetitive Dna In Drosophila,"Wei, Heng Chin Kevin",,
,,2016-02-01,,,,,http://hdl.handle.net/1813/43622,44785,1813/47,,,Competence And Motivation: Pathways To Relational Versus Collective Status,"Yoon, Hye Jung",,
,,2016-02-01,,,,,http://hdl.handle.net/1813/43626,44789,1813/47,,,Mutinous Muteness: Radicalizing Illegibility In Twentieth-Century African American Literature,"Diran, Ingrid",,
,,2016-02-01,,,,,http://hdl.handle.net/1813/43638,44801,1813/47,,,Most Significant Bit-First Serial Adder,"Karl, Julia",,
,,2016-02-01,http://hdl.handle.net/1813/43640,,,,,44803,1813/47,,,"Indigenous Ways Of Knowing, Digital Storytelling, And Environmental Learning — A Confluence Of Tradition And New Media Technology","Corwin, Jason",,
,,2016-02-01,,,,,http://hdl.handle.net/1813/43642,44805,1813/47,,,Interfacing A Nanonis Controller With A Scanning Tunneling Microscope,"Rodriguez, Justin",,
,,2016-02-01,,,,,http://hdl.handle.net/1813/43643,44806,1813/47,,,Study Of Water Absorption Band Depth Features With Varied Soil Properties During The Drying Process,"Tian, Jia",,
,,2016-02-01,,,,,http://hdl.handle.net/1813/43650,44813,1813/47,,,The Black Male Mass: A Discourse Of African-American Male Imagery And Representation In The Fashion System,"Fraley, Keith",,
,,2016-02-01,,,,,http://hdl.handle.net/1813/43655,44818,1813/47,,,Natural Genetic Variation Involved In Chromatin Modification,"Kelsey, Keegan",,
,,2016-02-01,,,,,http://hdl.handle.net/1813/43658,44821,1813/47,,,Microscopically Detailed Joint Density-Functional Theory For The Electrode-Electrolyte Interface,"Letchworth Weaver, Kendra",,
,,2016-02-01,,,,,http://hdl.handle.net/1813/43668,44831,1813/47,,,Theorizing Regional Integration Among Southern African States And Their Relations With The European Union,"Dirar, Luwam",,
,,2016-02-01,,,,,http://hdl.handle.net/1813/43676,44839,1813/47,,,Investigating Lipid-Protein Interactions Using Supported Lipid Bilayers,"Richards, Mark",,
,,2016-02-01,,,,,http://hdl.handle.net/1813/43677,44840,1813/47,,,Single Molecule Studies Of Chromatin Dynamics And Transcription Coupled Repair,"Li, Ming",,
,,2016-02-01,,,,,http://hdl.handle.net/1813/43680,44843,1813/47,,,Designing And Improving A System And Tools For Targeted Mutation In Growing Bacteria,"Russell, Matthew",,
,,2016-02-01,,,,,http://hdl.handle.net/1813/43684,44847,1813/47,,,The 2011 Egyptian Revolution On Twitter,"Oh, Noona",,
,,2016-02-01,,,,,http://hdl.handle.net/1813/43692,44855,1813/47,,,Nest Site Selection In Hudsonian Godwits: Effects Of Habitat And Predation Risk,"Swift, Rose",,
,,2016-02-01,,,,,http://hdl.handle.net/1813/43697,44860,1813/47,,,Representation Learning For Sequence And Comparison Data,"Chen, Shuo",,
,,2016-02-01,,,,,http://hdl.handle.net/1813/43698,44861,1813/47,,,Online And Offline Facility Location And Network Design,"Cheung, Sin Shuen",,
,,2016-02-01,,,,,http://hdl.handle.net/1813/43703,44866,1813/47,,,Hemodynamic Regulation Of Cardiac Outflow Morphogenesis,"Lindsey, Stephanie",,
,,2016-02-01,,,,,http://hdl.handle.net/1813/43706,44869,1813/47,,,Maternal Experiences Associated With Optimal Breastfeeding Behavior And The Role Of Breastfeeding In Moderating Child Risk Of Obesity,"Carling, Stacy",,
,,2016-02-01,,,,,http://hdl.handle.net/1813/43708,44871,1813/47,,,Efficay Of Salinity Mitigation On Warm Season Turfgrass,"Sekar, Sathish",,
,,2016-02-01,,,,,http://hdl.handle.net/1813/43717,44880,1813/47,,,"Shadows Of The Cross: Barack Obama, Clerical Politics, And Gay Rights Compartmentalization In The Black Church","O'Toole, Thomas",,
,,2016-02-01,,,,,http://hdl.handle.net/1813/43719,44882,1813/47,,,A Spatiotemporal Examination Of The Mechanisms Involved In Long-Term Memory For Incrementally Acquired Information,"Tong, Tianyi",,
,,2016-02-01,,,,,http://hdl.handle.net/1813/43722,44885,1813/47,,,Ad Hoc Arbitration In China,"Zhang, Tietie",,
,,2016-02-01,,,,,http://hdl.handle.net/1813/43734,44897,1813/47,,,"Translating Melancholia: The Multiplicity Of Language And The Logic Of Translation In The Postcolonial Writings Of Yi Sang, Theresa Hak Kyung Cha, And Ook Chung","Oh, Yoon Jeong",,
,,2016-02-01,,,,,http://hdl.handle.net/1813/43736,44899,1813/47,,,Sensitivity Analysis Of Imported Container Volumes To Surcharge Fees Via A User-Equilibrium Model,"Yan, Yuchen",,
,,2016-02-01,,,,,http://hdl.handle.net/1813/43737,44900,1813/47,,,Complex-Valued Group Lasso For Tensor Autoregressive Models,"Hu, Yang",,
,,2016-02-01,http://hdl.handle.net/1813/44115,,,,,45289,1813/47,THE MEIOSIS SPECIFIC AAA+ ATPASE PCH2 INTERACTS WITH THE SYNAPTONEMAL COMPLEX PROTEIN HOP1 THROUGH THE HOP1 HORMA DOMAIN,,,"West, Timothy",,
,,2016-05-29,,,,,http://hdl.handle.net/1813/44280,45456,1813/47,,,Ab Initio Theory Of Energy Storage Through Nanoscale Charge Separation And Transport,"Umbright, Christine",,
,,2016-05-29,,,,,http://hdl.handle.net/1813/44288,45464,1813/47,,,Feeling Subjects: Science And Law In Nineteenth-Century America,"Yao, Christine",,
,,2016-05-29,,,,,http://hdl.handle.net/1813/44300,45476,1813/47,,,Eating And Feeling: Pleasure And The Modernist Body,"Blake, Elizabeth",,
,,2016-05-29,,,,,http://hdl.handle.net/1813/44301,45477,1813/47,,,Convolution Powers Of Complex-Valued Functions And Related Topics In Partial Differential Equations,"Randles, Evan",,
,,2016-05-29,,,,,http://hdl.handle.net/1813/44304,45480,1813/47,,,The Reindustrialization Of The U.S.: An Ethnography Of Auto Workers In The Industrial Rust Belt,"Dincer, Evren",,
,,2016-05-29,,,,,http://hdl.handle.net/1813/44307,45483,1813/47,,,"Design, Analysis And Simulation Of Microscale Solid-Wave Gyroscopes","Yilmaz, Erdal",,
,,2016-05-29,,,,,http://hdl.handle.net/1813/44311,45487,1813/47,,,Genetic Characterization Of The O. Rufipogon Species Complex And Construction Of Interspecific Pre-Breeding Resources For The Rice Improvement,"Kim, HyunJung",,
,,2016-05-29,,,,,http://hdl.handle.net/1813/44313,45489,1813/47,,,Quantifying And Reducing Uncertainty In Large Volume Remote Sensing Measurements Of Atmospheric Boundary Layer Flows,"Wang, Hui",,
,,2016-05-29,,,,,http://hdl.handle.net/1813/44314,45490,1813/47,,,Plant-Mimetic Generation Of Negative Pressure In Water: From Fundamental Thermodynamics To Applications In Transport And Heat Transfer,"Chen, I-Tzu",,
,,2016-05-29,,,,,http://hdl.handle.net/1813/44316,45492,1813/47,,,Integration Of Epidemiological Information Into A Decision Support System For Late Blight,"Small, Ian",,
,,2016-05-29,,,,,http://hdl.handle.net/1813/44319,45495,1813/47,,,"Rich Man, Poor Man: Prosperity, Poverty, And The Significance Of Need","Thomson, Jordan",,
,,2016-05-29,,,,,http://hdl.handle.net/1813/44324,45500,1813/47,,,"Structural Studies Of Model Rna Systems In Solution Using F{\""O}Rster Resonance Energy Transfer","Sutton, Julie",,
,,2016-05-29,,,,,http://hdl.handle.net/1813/44329,45505,1813/47,,,Essays In Public Finance,"Albrecht, Kiel",,
,,2016-05-29,,,,,http://hdl.handle.net/1813/44331,45507,1813/47,,,Enchantment And Embarrassment In The Lyric,"Molde, Klas Erik",,
,,2016-05-29,,,,,http://hdl.handle.net/1813/44335,45511,1813/47,,,"Evaluation Of Food-Chain Mycotoxin Exposure In Rural Zimbabwe: Determinants, Effects And Mechanisms","Smith, Laura",,
,,2016-05-29,,,,,http://hdl.handle.net/1813/44339,45515,1813/47,,,"Multi-Object, Multi-Sensor Detection And Tracking Of Pedestrians On A Mobile Robot","de la Garza, Lucas",,
,,2016-05-29,,,,,http://hdl.handle.net/1813/44342,45518,1813/47,,,Urban Wind: Impact Of Building Geometry On The Wind Energy Yield Potential Above Rooftops Of Buildings,"Grayson, Malika",,
,,2016-05-29,,,,,http://hdl.handle.net/1813/44343,45519,1813/47,,,Boomerang Bias: Examining The Effect Of Parental Coresidence On Millennial Financial Behavior,"Bentley, Michael",,
,,2016-05-29,,,,,http://hdl.handle.net/1813/44351,45527,1813/47,,,Automated Mobile Systems For Personalized Health Feedback,"Mashfiqui Rabbi Shuvo, Mohammod",,
,,2016-05-29,,,,,http://hdl.handle.net/1813/44356,45532,1813/47,,,Essays In Labor And Macroeconomics,"Zhao, Nellie",,
,,2016-05-29,,,,,http://hdl.handle.net/1813/44361,45537,1813/47,,,"Micro-Fabricated Silicon Based Probes For Biomedical Applications: Reliable Neural Interface, Electro-Mechano Tissue Assay Surgical Tweezer, And Fluid Viscosity Sensing","Chen, Po-Cheng",,
,,2016-05-29,,,,,http://hdl.handle.net/1813/44366,45542,1813/47,,,A Learning Management System To Capture And Derive Student Concept Maps,"Lam, Quy-Steven",,
,,2016-05-29,,,,,http://hdl.handle.net/1813/44369,45545,1813/47,,,Dynamical Diffraction As An Angular Slit Optical Element,"Garg, Rohit",,
,,2016-05-29,,,,,http://hdl.handle.net/1813/44374,45550,1813/47,,,An Analysis Of Green Building Rating Systems In The Context Of Historic Preservation,"Gajare, Rashmi",,
,,2016-05-29,,,,,http://hdl.handle.net/1813/44379,45555,1813/47,,,"Continuous Automata, Compactness, And Young Measures","Messick, Scott",,
,,2016-05-29,,,,,http://hdl.handle.net/1813/44380,45556,1813/47,,,Methane Fluxes In Human-Dominated Ecosystems: From Pastures To Cities,"Chamberlain, Samuel",,
,,2016-05-29,,,,,http://hdl.handle.net/1813/44383,45559,1813/47,,,Smartphone Enabled Biosensor Systems For Nutrition Diagnostics And Preventive Care At The Point-Of-Need,"Lee, Seoho",,
,,2016-05-29,,,,,http://hdl.handle.net/1813/44386,45562,1813/47,,,Interaction Of Tumor-Derived Tissue Factor With Endothelial Cells In The Context Of Cancer Metastasis,"Che, Sara",,
,,2016-05-29,,,,,http://hdl.handle.net/1813/44394,45570,1813/47,,,Notch Signaling: Mechanistic And Functional Studies In Intestinal Stem Cells And Colorectal Cancer Cells,"Srinivasan, Tara",,
,,2016-05-29,,,,,http://hdl.handle.net/1813/44397,45573,1813/47,,,Understanding The Kinetics And Thermodynamics Of Self Assembly Of Faceted Polyhedral Particles Using Computer Simulations,"Thapar, Vikram",,
,,2016-05-29,,,,,http://hdl.handle.net/1813/44398,45574,1813/47,,,Carbon Sequestration In Concrete,"Cheng, Wei",,
,,2016-05-29,,,,,http://hdl.handle.net/1813/44404,45580,1813/47,,,The Anti-Corruption Campaign And Catering Industry In China,"Pan, Yuanyuan",,
,,2016-05-29,,,,,http://hdl.handle.net/1813/44405,45581,1813/47,,,Three Studies Of Network Dynamics,"Shi, Yongren",,
,,2016-05-29,http://hdl.handle.net/1813/44406,,,,,45582,1813/47,,,γ-Aminobutyric Acid (Gaba) In Fresh-Cut Fruits And Vegetables,"Zhang, Yiyi",,
,,2016-05-29,,,,,http://hdl.handle.net/1813/44408,45584,1813/47,,,Enhancing Gas Transfer At An Air-Water Interface Through Strengthened Secondary Flows Motivated By Algal Biofuel Production,"Citerone, Veronica",,
,,2016-05-29,,,,,http://hdl.handle.net/1813/44265,45441,1813/47,,,Insights Into Microbial Metal Reduction Through Implementation Of Proteomic-Based Techniques: A Focus On The Gram-Positive Bacterium Desulfotomaculum Reducens Mi-1,"Otwell, Anne",,
,,2016-02-01,http://hdl.handle.net/1813/40940,,,,,42059,1813/47,,,"Iron Status, Brain Function, And Memory Performance In Early Infancy","Nevins, Julie",,
,,2016-02-01,,,,,http://hdl.handle.net/1813/43558,44721,1813/47,,,Ecological Forecasting For Oneida Lake: Impacts Of Climate Change And Invasive Mussels On Lake Dynamics,"Hetherington, Amy",,
,,2016-02-01,,,,,http://hdl.handle.net/1813/43559,44722,1813/47,,,Ferroelectricity Coupled To Octahedral Rotations In Perovskite Oxides From First Principles,"Mulder, Andrew",,
,,2016-02-01,,,,,http://hdl.handle.net/1813/43560,44723,1813/47,,,This Music Is So Strange: Claude Vivier'S Queerness,"Gilutz, Amit",,
,,2016-02-01,,,,,http://hdl.handle.net/1813/43568,44731,1813/47,,,Untimely Interference: Anachronistic Temporalities In Nineteenth-Century British Poetry,"Guthrie, Bernadette",,
,,2016-02-01,,,,,http://hdl.handle.net/1813/43571,44734,1813/47,,,Patterns Of Misperception Of Arabic Guttural And Non-Guttural Consonants,"Sanker, Chelsea",,
,,2016-02-01,,,,,http://hdl.handle.net/1813/43579,44742,1813/47,,,Yeast Assimilable Nitrogen Requirements Of Innoculated And Spontaneous Fermentations Of Riesling (V. Vinifera L.),"Martins Tahim, Camila",,
,,2016-02-01,,,,,http://hdl.handle.net/1813/43582,44745,1813/47,,,Some Resource Allocation Problems,"Tong, Chaoxu",,
,,2016-02-01,,,,,http://hdl.handle.net/1813/43596,44759,1813/47,,,"Patterns Of Dispersal Activity Of Onion Thrips, Thrips Tabaci Lindeman, In Onion Ecosystems","Smith, Erik",,
,,2016-02-01,,,,,http://hdl.handle.net/1813/43600,44763,1813/47,,,The Impact Of Poverty On Infant Development: A Microanalytic Study Of The Mediating Role Of Parent-Child Interaction During Pretense,"Blackburn, Erika",,
,,2016-02-01,,,,,http://hdl.handle.net/1813/43601,44764,1813/47,,,Protein Kinase-Mediated Immunity In Arabidopsis And Nicotiana Benthamiana,"Brauer, Elizabeth",,
,,2016-02-01,,,,,http://hdl.handle.net/1813/43602,44765,1813/47,,,Constraining Physics Beyond The Cosmological Standard Model,"Mueller, Eva-Maria",,
,,2016-02-01,,,,,http://hdl.handle.net/1813/43603,44766,1813/47,,,"Unconquerable Monsters Of The Imperial Periphery: Early Dinosaur Fiction, 1864-1912","Yu, Eugenia",,
,,2016-02-01,,,,,http://hdl.handle.net/1813/43608,44771,1813/47,,,Mechanical Properties Of Tetra-Polyethylene And Tetra-Polyethylene Oxide Diamond Networks Via Molecular Dynamics Simulations,"Wang, Endian",,
,,2016-02-01,,,,,http://hdl.handle.net/1813/43617,44780,1813/47,,,Transferred Monolayer And Ab Stacked Bilayer (0001) Sic Epitaxial Graphene,"Alsalman, Hussain",,
,,2016-02-01,,,,,http://hdl.handle.net/1813/43620,44783,1813/47,,,Understanding People From Rgbd Data For Assistive Robots,"Koppula, Hema",,
,,2016-02-01,,,,,http://hdl.handle.net/1813/43629,44792,1813/47,,,Metabolic Modeling And Analysis Of Microbial Glycosylation Platforms,"Wayman, Joseph",,
,,2016-02-01,,,,,http://hdl.handle.net/1813/43631,44794,1813/47,,,"Development Of Low Temperature Biological Small Angle X-Ray Scattering, Cryosaxs, And Study Of Ice Formation In Aqueous Solutions","Hopkins, Jesse",,
,,2016-02-01,,,,,http://hdl.handle.net/1813/43637,44800,1813/47,,,Essays In Innovation And Technology Adoption,"Choe, Justin",,
,,2016-02-01,,,,,http://hdl.handle.net/1813/43639,44802,1813/47,,,Embedding Methods For Generative Modeling And Visual Data Analysis,"Moore, Joshua",,
,,2016-02-01,,,,,http://hdl.handle.net/1813/43641,44804,1813/47,,,Corporate Culture In Financial Markets,"Pacelli, Joseph",,
,,2016-02-01,,,,,http://hdl.handle.net/1813/43645,44808,1813/47,,,"Essays On Reporting Systems, Operational Distortion, And Belief Distortion","Bentley, Jeremiah",,
,,2016-02-01,,,,,http://hdl.handle.net/1813/43648,44811,1813/47,,,"Mitigating The Biasing Impact Of Emotions And Morality: Cognitive Training, Juror Emotionality, And Juror Decision-Making","Burd, Kayla",,
,,2016-02-01,,,,,http://hdl.handle.net/1813/43657,44820,1813/47,,,Atomistic Modeling Predictions Of Crack Tip Behavior In Silicon Carbide,"Leung, Kai Wing Kelvin",,
,,2016-02-01,,,,,http://hdl.handle.net/1813/43661,44824,1813/47,,,Development Of Multi-Scale Computational Tools For The Study Of Interfaces,"Mathew, Kiran",,
,,2016-02-01,,,,,http://hdl.handle.net/1813/43664,44827,1813/47,,,"Modeling, Analysis, And Network Identification Of Cancer Signal Transduction Networks","Rogers, Katharine",,
,,2016-02-01,,,,,http://hdl.handle.net/1813/43674,44837,1813/47,,,Interpreting Resistance To Change: The Behaviors And Logics That Guide Resistance Interpretations In The Workplace,"Deline, Mary",,
,,2016-02-01,,,,,http://hdl.handle.net/1813/43681,44844,1813/47,,,A Seismic Study Of The Andean And Taiwanese Lithosphere Using Depth-Phase Precursors And S-Wave Receiver Functions,"Mcglashan, Neil",,
,,2016-02-01,,,,,http://hdl.handle.net/1813/43694,44857,1813/47,,,Design And Synthesis Of Porous Carbons For Lithium-Sulfur Batteries And Other Electrochemical Energy Storage Applications,"Sahore, Ritu",,
,,2016-02-01,,,,,http://hdl.handle.net/1813/43696,44859,1813/47,,,Higher-Order Evidence: Puzzles And Solutions,"Ye, Ru",,
,,2016-02-01,,,,,http://hdl.handle.net/1813/43699,44862,1813/47,,,Acoustic Radiation Force Optical Coherence Elastography : Localized Vs. Wide-Area Perturbation – A Comparison,"Chandrasekaran, Sri nivas",,
,,2016-02-01,,,,,http://hdl.handle.net/1813/43701,44864,1813/47,,,Mesoscale Modeling Of Directed Self Assemblies Of Block Copolymer Lithography,"Pinge, Shubham",,
,,2016-02-01,,,,,http://hdl.handle.net/1813/43711,44874,1813/47,,,Transition Cow Metabolism In Relation To Plane Of Energy Prepartum,"Mann, Sabine",,
,,2016-02-01,,,,,http://hdl.handle.net/1813/43712,44875,1813/47,,,Towards The Rational Design Of A Target-Specific Antibody,"Mahajan, Sai Pooja",,
,,2016-02-01,,,,,http://hdl.handle.net/1813/43715,44878,1813/47,,,Metal-Sulfur Batteries Based On Solid-State Reaction,"Wei, Shuya",,
,,2016-02-01,,,,,http://hdl.handle.net/1813/43716,44879,1813/47,,,Opto-Mechanical Interactions : From Sensing To Synchronization,"Shah, Shreyas",,
,,2016-02-01,,,,,http://hdl.handle.net/1813/43720,44883,1813/47,,,The Novel Gr29D09 Effector Family From Potato Cyst Nematode Globodera Rostochiensis Suppresses Plant Immunity To Promote Nematode Parasitism,"Tran, Tien",,
,,2016-02-01,,,,,http://hdl.handle.net/1813/43721,44884,1813/47,,,Freeze-Casting For Facile Synthesis Of Novel Porous Materials,"Williams, Tiffany",,
,,2016-02-01,,,,,http://hdl.handle.net/1813/43723,44886,1813/47,,,The Functional Significance Of Microgeographic Dialects In A Hermit Hummingbird.,"Kapoor, Vinay",,
,,2016-02-01,,,,,http://hdl.handle.net/1813/43724,44887,1813/47,,,Lcc Fiber Reinforced ‘Green’ Composites Derived From Raw Plantain Starch,"Vaidya, Vaibhavi",,
,,2016-02-01,,,,,http://hdl.handle.net/1813/43727,44890,1813/47,,,Development Of The Turbulent Tube Flocculator,"Pennock, William",,
,,2016-02-01,,,,,http://hdl.handle.net/1813/43730,44893,1813/47,,,Study Of Atomic Layer Deposition: Thin Film Continuity And Techniques To Modulate Surface Reactivity,"Zhang, Wenyu",,
,,2016-02-01,,,,,http://hdl.handle.net/1813/43731,44894,1813/47,,,Bilateral Interactions In Two-Sided Networks – A Perspective From Matching Theory,"He, Xi",,
,,2016-05-29,,,,,http://hdl.handle.net/1813/44273,45449,1813/47,,,The Effects Of Select Plant Extracts On Canine Neoplastic Cell Growth And Signaling,"Levine, Corri",,
,,2016-05-29,,,,,http://hdl.handle.net/1813/44275,45451,1813/47,,,"Investigating Soil Erosion And Soil Conservation In Tropical (Sub) Humid Highlands: Findings From Debre Mawi, Ethiopia","Guzman, Christian",,
,,2016-05-29,,,,,http://hdl.handle.net/1813/44285,45461,1813/47,,,Beacons Of Civilization: Roadhouses Of The Richardson Highway,"Woster, Cassandra",,
,,2016-05-29,,,,,http://hdl.handle.net/1813/44290,45466,1813/47,,,Morality In Action: Risking Death And Caring For Life In American Food Allergy Worlds,"Glabau, Danya",,
,,2016-05-29,,,,,http://hdl.handle.net/1813/44297,45473,1813/47,,,Investigating The Role Of A Genetic Incompatibility Involving Mismatch Repair Genes In Adaptive Evolution,"Bui, Duyen",,
,,2016-05-29,,,,,http://hdl.handle.net/1813/44302,45478,1813/47,,,"Gender, Sexuality And The Paradoxes Of Taboo In Middle Class Delhi, India","Edmunds, Emme",,
,,2016-05-29,,,,,http://hdl.handle.net/1813/44306,45482,1813/47,,,Going It Alone: Legal Mobilization And Efficacy In The Foreclosure Crisis,"Taylor Poppe, Emily",,
,,2016-05-29,,,,,http://hdl.handle.net/1813/44308,45484,1813/47,,,"Effects Of Woody Legume (Prosopis Glandulosa) Encroachment On Nitrogen Fixation, Storage And Gas Loss In A Subtropical, Semi-Arid Savanna","Soper, Fiona",,
,,2016-05-29,,,,,http://hdl.handle.net/1813/44320,45496,1813/47,,,Development Of A Compact Optical Rapid Diagnostic Test Reader And A Point-Of-Care Fluorescence Lateral Flow Assay For Dengue Detection,"Hohenstein, Jessica",,
,,2016-05-29,,,,,http://hdl.handle.net/1813/44323,45499,1813/47,,,Investigating The Impact Of Host Genetic Variation On The Human Gut Microbiota Using Twin Pairs,"Goodrich, Julia",,
,,2016-05-29,,,,,http://hdl.handle.net/1813/44325,45501,1813/47,,,Evolution Of Micrornas In Drosophila,"Mohammed, Jaaved",,
,,2016-05-29,,,,,http://hdl.handle.net/1813/44326,45502,1813/47,,,"""Essays On Fiscal Policy And The Narrative Approach""","Guerreiro Lopes, Jose",,
,,2016-05-29,,,,,http://hdl.handle.net/1813/44332,45508,1813/47,,,Model-Based Estimation Applications For Gnss Remote Sensing,"Chiang, Karen",,
,,2016-05-29,,,,,http://hdl.handle.net/1813/44334,45510,1813/47,,,Understanding Ige Receptor Signaling Through Computational Modeling And Quantitative Experiments,"Chylek, Lily",,
,,2016-05-29,,,,,http://hdl.handle.net/1813/44336,45512,1813/47,,,Activation And Survival Of Ovarian Follicles In Vitro: The Effects Of Bone Morphogenetic Proteins (Bmps) And/Or Cryopreservation On Bovine And Feline Ovarian Tissue.,"Cooper, Lara",,
,,2016-05-29,,,,,http://hdl.handle.net/1813/44340,45516,1813/47,,,Ved¿Ntadesika’S Interpretation Of R¿M¿Nuja’S Prapatti: A Study Based On The Nik¿Eparak¿¿,"Akepiyapornchai, Manasicha",,
,,2016-05-29,,,,,http://hdl.handle.net/1813/44345,45521,1813/47,,,The Role Of Solvation And Aggregation On Lithium Enolates Derived From L-Pyroglutaminol Hemiaminals And Weinreb Amides And Their Mechanistic And Stereoinductive Influences On The Azaaldol Reaction.,"Houghton, Michael",,
,,2016-05-29,,,,,http://hdl.handle.net/1813/44346,45522,1813/47,,,Synthesis And Manipulation Of Carbasugars And Natural Product Scaffolds,"Moschitto, Matthew",,
,,2016-05-29,,,,,http://hdl.handle.net/1813/44347,45523,1813/47,,,Phosphorylation-Regulated Interaction Of Phospho-Ser/Thr-Pro Binding Motifs With Proteins Involved In Alzheimer'S Disease & Asthma,"Rogals, Monique",,
,,2016-05-29,,,,,http://hdl.handle.net/1813/44349,45525,1813/47,,,The Power Problematic In Social-Ecological Systems,"Ingalls, Micah",,
,,2016-05-29,,,,,http://hdl.handle.net/1813/44350,45526,1813/47,,,Designing Reliable Controllers For Bipedal Robots,"Kelly, Matthew",,
,,2016-05-29,,,,,http://hdl.handle.net/1813/44352,45528,1813/47,,,Three Essays On Continuous And Discrete Spatial Heterogeneity,"Sarrias Jeraldo, Mauricio Alejandro",,
,,2016-05-29,,,,,http://hdl.handle.net/1813/44355,45531,1813/47,,,The Music Of Alan Hovhaness,"Athens, Niccolo",,
,,2016-05-29,,,,,http://hdl.handle.net/1813/44360,45536,1813/47,,,The Transnational-Translational Modernity: Language And Sexuality In Colonial Taiwan And Korea,"Chen, Pei Jean",,
,,2016-05-29,,,,,http://hdl.handle.net/1813/44363,45539,1813/47,,,Three Essays On The Strength Of Long-Range Communication Ties,"Park, Patrick",,
,,2016-05-29,,,,,http://hdl.handle.net/1813/44364,45540,1813/47,,,Applied Probabilistic Inference: Model Estimation For Hvac Predictive Controls And All-Weather Perception For Autonomous Vehicles,"Radecki, Peter",,
,,2016-05-29,,,,,http://hdl.handle.net/1813/44368,45544,1813/47,,,"Molecular Genetic Dissection Of Bundle Sheath Suberization In Zea Mays And Setaria Viridis, Two Model Nadp-Me C4 Grasses","Mertz, Rachel",,
,,2016-05-29,,,,,http://hdl.handle.net/1813/44378,45554,1813/47,,,Environmental And Ecological Factors Influencing Insect-Borne Virus Epidemiology,"Claflin, Susan",,
,,2016-05-29,,,,,http://hdl.handle.net/1813/44385,45561,1813/47,,,"Rejected, But For Whom?: Why It Feels Worse To Be Rejected For Someone Rather Than No One","Deri, Sebastian",,
,,2016-05-29,,,,,http://hdl.handle.net/1813/44389,45565,1813/47,,,The Sodium-O2/Co2 Electrochemical Cell,"Xu, Shaomao",,
,,2016-05-29,,,,,http://hdl.handle.net/1813/44390,45566,1813/47,,,Development Of Novel Genetic Circuits For The Detection Of Disease Biomarkers,"Aurand, Thomas",,
,,2016-05-29,,,,,http://hdl.handle.net/1813/44391,45567,1813/47,,,Essays In Banking And Regulation,"Goel, Tirupam",,
,,2016-05-29,,,,,http://hdl.handle.net/1813/44399,45575,1813/47,,,Effect Of Surface Tension On Deformation Of Soft Solids,"Xu, Xuejuan",,
,,2016-05-29,,,,,http://hdl.handle.net/1813/44401,45577,1813/47,,,The Pursuit Of Happiness: Hedonic And Eudaimonic Well-Being For Intrinsically Motivated Agents,"Gao, Yue",,
,,2016-05-29,,,,,http://hdl.handle.net/1813/44407,45583,1813/47,,,"Improved Late Blight Management Through Resistance In Tomato, Pathogen Diagnostics, And Understanding Phytophthora Infestans Diversity","Hansen, Zachariah",,
,,2016-02-01,http://hdl.handle.net/1813/41043,,,,,42162,1813/47,,,A Contact Angle Study Of Processing Induced Changes To Ingazno4 And Lotus Glass Surface,"Zhang, Wenjin",,
,,2016-02-01,,,,,http://hdl.handle.net/1813/43553,44716,1813/47,,,Halloysite Nanotube Coatings For Selectin-Mediated Capture Of Rare Cells From Peripheral Blood,"Hughes, Andrew",,
,,2016-02-01,,,,,http://hdl.handle.net/1813/43554,44717,1813/47,,,Physical Mechanisms Of Bacterial Attachment And Internalization In Plants: Multiscale Modeling With Non-Invasive Imaging,"Warning, Alexander",,
,,2016-02-01,,,,,http://hdl.handle.net/1813/43566,44729,1813/47,,,Mechanistic Investigations Into The Thermal C-C Bond Forming Cyclization Of Metal Pyridine-Enamide Complexes And The Synthesis And Reactivity Of Cationic And Neutral Iron(Iv) Alkylidene Complexes,"Lindley, Brian",,
,,2016-02-01,,,,,http://hdl.handle.net/1813/43573,44736,1813/47,,,Ultrafast Surface-Specific Spectroscopy Of Dyes And Catalysts At The Solid-Air Interface,"Calabrese, Carmella",,
,,2016-02-01,,,,,http://hdl.handle.net/1813/43586,44749,1813/47,,,"Elections, Parties And Policy: The Multilevel Politics Of Free Healthcare In Indonesia","Fossati, Diego",,
,,2016-02-01,,,,,http://hdl.handle.net/1813/43594,44757,1813/47,,,Style And The Experiment: The Coherence Of Experimental Writing,"Hamilton, Diana",,
,,2016-02-01,,,,,http://hdl.handle.net/1813/43609,44772,1813/47,,,Diffusion Of Innovation In Sustainable Building Practices In Construction Projects And The Role Of Major Stakeholders,"Yang, Eunhwa",,
,,2016-02-01,,,,,http://hdl.handle.net/1813/43612,44775,1813/47,,,Characterizing Protein Conformations Using Copper-Based Pulsed Dipolar Esr Spectroscopy And Complimentary Biophysical Methods,"Merz, Gregory",,
,,2016-02-01,,,,,http://hdl.handle.net/1813/43614,44777,1813/47,,,Agroecosystems For Communities And Conservation: Linking Bird Conservation And Sustainable Livelihoods In The Highlands Of Guatemala,"Gifford, Gemara",,
,,2016-02-01,,,,,http://hdl.handle.net/1813/43616,44779,1813/47,,,"Women, Metapoetry, And Comic Reception In Terence","Vidovic, Goran",,
,,2016-02-01,,,,,http://hdl.handle.net/1813/43618,44781,1813/47,,,Towards Efficient And Reliable Publish-Subscribe For Geo-Distributed Datacenters,"Geng, Haoyan",,
,,2016-02-01,,,,,http://hdl.handle.net/1813/43619,44782,1813/47,,,The Role Of Lubricin And Galectins In Osteoarthritis And Cartilage Lubrication,"Reesink, Heidi",,
,,2016-02-01,,,,,http://hdl.handle.net/1813/43623,44786,1813/47,,,Warm Surfaces Of Electronic Devices And Human Thermal Responses,"Zhang, Han",,
,,2016-02-01,,,,,http://hdl.handle.net/1813/43625,44788,1813/47,,,Giving Shape To Genomic Regulatory Networks Controlling Craniofacial And Asymmetric Organ Morphogenesis,"Welsh, Ian",,
,,2016-02-01,,,,,http://hdl.handle.net/1813/43627,44790,1813/47,,,Novel Biomaterials To Control Igf-I Binding And   Enhance Chondrocyte Gene Therapy,"Aguilar, Izath",,
,,2016-02-01,,,,,http://hdl.handle.net/1813/43630,44793,1813/47,,,Studies On Trans-Acting Factors Involved In Chloroplast Rna Editing In Arabidopsis Thaliana,"Wagoner, Jessica",,
,,2016-02-01,,,,,http://hdl.handle.net/1813/43632,44795,1813/47,,,Creating A Basis For Three Dimensional Sketching,"DeCorato, John",,
,,2016-02-01,,,,,http://hdl.handle.net/1813/43634,44797,1813/47,,,A Simple Methodology For Design Tradeoff Analysis In Asynchronous Circuits,"Tse, Jonathan",,
,,2016-02-01,,,,,http://hdl.handle.net/1813/43644,44807,1813/47,,,Redox Regulation Via The Er Molecular Chaperone Bip Facilitates Cell Survival During And Post Oxidative Stress,"Wang, Jie",,
,,2016-02-01,,,,,http://hdl.handle.net/1813/43646,44809,1813/47,,,"A Novel Regulator Of Copper Homeostasis, Ccit1, And Spl7 Connect Copper Homeostasis With Pollen Fertility, Jasmonic Acid Biosynthesis And Cadmium Resistance In Arabidopsis Thaliana","Yan, Jiapei",,
,,2016-02-01,,,,,http://hdl.handle.net/1813/43647,44810,1813/47,,,The Preservation And Restoration Of Tokyo Railway Station In The Process Of Urban Redevelopment And Strategic Planning,"Zhu, Jiageng",,
,,2016-02-01,,,,,http://hdl.handle.net/1813/43651,44814,1813/47,,,Expanding The Utility Of Rna-Based Transcription Activation Mechanisms For Diagnostic Applications,"Brennan, Karl",,
,,2016-02-01,,,,,http://hdl.handle.net/1813/43653,44816,1813/47,,,Work Zone Analysis Under Detour Settings,"Huang, Kai",,
,,2016-02-01,,,,,http://hdl.handle.net/1813/43659,44822,1813/47,,,Precision Tracking Of Extended Objects Via Non-Traditional Sensor Models,"Wyffels, Kevin",,
,,2016-02-01,,,,,http://hdl.handle.net/1813/43666,44829,1813/47,,,Glycoengineered Vesicle Vaccine Against Bacterial Pathogens,"Chen, Linxiao",,
,,2016-02-01,,,,,http://hdl.handle.net/1813/43667,44830,1813/47,,,Genealogies Of Cruelty: Alternative Theaters In An Early Modern World,"Rosas, Luisa",,
,,2016-02-01,,,,,http://hdl.handle.net/1813/43669,44832,1813/47,,,Three Problems Of Resonance In Coupled Or Driven Oscillator Systems,"Lazarus, Lauren",,
,,2016-02-01,,,,,http://hdl.handle.net/1813/43670,44833,1813/47,,,Non-Affine Horocycle Orbit Closures On Strata Of Translation Surfaces: New Examples,"Clavier, Lucien",,
,,2016-02-01,,,,,http://hdl.handle.net/1813/43682,44845,1813/47,,,"Biological Rhythms Of Vocal Behavior In Fish: Hormonal, Neuronal, And Genetic Mechanisms","Feng, Ni",,
,,2016-02-01,,,,,http://hdl.handle.net/1813/43685,44848,1813/47,,,Polysacharide Based Hybrid ‘Green’ Composites,"Patil, Namrata",,
,,2016-02-01,,,,,http://hdl.handle.net/1813/43687,44850,1813/47,,,Carrier Transport In Nanostructures: Probing Phonons And Electrons,"Otelaja, Obafemi",,
,,2016-02-01,,,,,http://hdl.handle.net/1813/43688,44851,1813/47,,,The Performance Of Regionalization Schemes In Classifying Lakes For Black Bass Population Characteristics,"Perry, Phillips",,
,,2016-02-01,,,,,http://hdl.handle.net/1813/43693,44856,1813/47,,,Computational Investigation Of Highly-Turbulent Counterflow Flames Using Large-Eddy Simulation/Probability Density Function (Les/Pdf) Methods,"Tirunagari, Ranjith",,
,,2016-02-01,,,,,http://hdl.handle.net/1813/43702,44865,1813/47,,,On Program Obfuscation,"Telang, Sidharth",,
,,2016-02-01,,,,,http://hdl.handle.net/1813/43704,44867,1813/47,,,"Three Essays On Agriculture- Nutrition Linkages: Women'S Iron Status And Empowerment In Agriculture In Chandrapur, India.","Gupta, Soumya",,
,,2016-02-01,,,,,http://hdl.handle.net/1813/43709,44872,1813/47,,,Fundamental Impacts Of Delay And Deadline On Communications Over Wireless Networks,"Lashgari, Sina",,
,,2016-02-01,,,,,http://hdl.handle.net/1813/43710,44873,1813/47,,,Mapping Valence: Learning-Dependent Immediate-Early Gene Early Growth Response (Egr-1) Expression In Chemosensory And Valence Circuitries Of The Long Evans Rat Brain,"Luo, SiWei",,
,,2016-02-01,,,,,http://hdl.handle.net/1813/43713,44876,1813/47,,,"The Prevalence And Molecular Mechanisms Of Single-Site Fungicide Resistance In The Apple Scab Pathogen, Venturia Inaequalis","Villani, Sara",,
,,2016-02-01,,,,,http://hdl.handle.net/1813/43714,44877,1813/47,,,Characterization Of Flocs And Floc Size Distributions Using Image Analysis,"Sun, Siwei",,
,,2016-02-01,,,,,http://hdl.handle.net/1813/43725,44888,1813/47,,,"Self-Assembly, Graphene And Applications","Chan, Weimin",,
,,2016-02-01,,,,,http://hdl.handle.net/1813/43733,44896,1813/47,,,Is The Social Network An Effective Factor When Using Tablet Pcs For Learning? Evidence From A Field Experiment In Chinese Migrant Primary School,"Li, Yupeng",,
,,2016-02-01,,,,,http://hdl.handle.net/1813/43738,44901,1813/47,,,Apparel Industry Csr Online Reporting Strategy On Product Webpage: Exploring Consumers In Usa And China,"Zhang, Yuxiao",,
,,2016-05-29,,,,,http://hdl.handle.net/1813/44267,45443,1813/47,,,Inactivation Of Microorganisms In Skim Milk And Shredded Mozzarella Cheese Using High Pressure Carbon Dioxide And Nitrous Oxide,"Md Sikin, Adi",,
,,2016-05-29,,,,,http://hdl.handle.net/1813/44268,45444,1813/47,,,Ultrafast Continuum Mid-Infrared Spectroscopy Of Hydrogen-Bonded Dimers,"Stingel, Ashley",,
,,2016-05-29,,,,,http://hdl.handle.net/1813/44269,45445,1813/47,,,"Affinities And Affiliations: Black Pacific Art In Aotearoa/New Zealand, 1948-2008","Webb-Binder, Bernida",,
,,2016-05-29,,,,,http://hdl.handle.net/1813/44270,45446,1813/47,,,Physical And Chemical Processing Methods For Producing Nanocrystal Films With Properties By Design,"Treml, Benjamin",,
,,2016-05-29,,,,,http://hdl.handle.net/1813/44271,45447,1813/47,,,"Disclosure In Pursuit Of Accountability: Studies On The Advent, Materiality, And Repercussions Of Utilities’ Environmental Disclosures","Kraft, Brandon",,
,,2016-05-29,,,,,http://hdl.handle.net/1813/44276,45452,1813/47,,,The Contribution Of Mono- And Diglucosidic Anthocyanins To Red Wine Color,"Burtch, Claire",,
,,2016-05-29,,,,,http://hdl.handle.net/1813/44279,45455,1813/47,,,Saintly Investments: Pilgrimage Development And Contemporary Hinduism In India,"Higgins, Carter",,
,,2016-05-29,,,,,http://hdl.handle.net/1813/44282,45458,1813/47,,,"Long-Term Nitrogen And Phosphorus Trends In The Groundwaters Of The Cornell University Ruminant Center In Harford, Ny: 1974-2016","Ouellette, Charles",,
,,2016-05-29,,,,,http://hdl.handle.net/1813/44284,45460,1813/47,,,Redox-Active Covalent Organic Frameworks And Porous Polymers For Electrochemical Energy Storage,"DeBlase, Catherine",,
,,2016-05-29,,,,,http://hdl.handle.net/1813/44286,45462,1813/47,,,"Diversity, Ecology, And Conservation Of Bird Communities Of Polylepis Woodlands In The Northern Andes Of Peru","Sevillano Rios, Cristian",,
,,2016-05-29,,,,,http://hdl.handle.net/1813/44295,45471,1813/47,,,Effect Of Pre-Fermentation Cold Soak On The Chemical And Sensory Qualities Of Aromatic White Wines,"Schmitt, Diane",,
,,2016-05-29,,,,,http://hdl.handle.net/1813/44296,45472,1813/47,,,Nonlinear Dynamics Of Cycles In Evolutionary Games,"Toupo, Danielle Flora",,
,,2016-05-29,,,,,http://hdl.handle.net/1813/44298,45474,1813/47,,,Single-Particle Tracking Assays And Computational Tools For Studying Virus-Membrane Interactions,"Lee, Donald",,
,,2016-05-29,,,,,http://hdl.handle.net/1813/44309,45485,1813/47,,,Tumor Suppression By Regulation Of Mini-Chromosome Maintenance Expression In Response To Dna Replication Stress,"Bai, Gongshi",,
,,2016-05-29,,,,,http://hdl.handle.net/1813/44312,45488,1813/47,,,"“‘We Earn Less Than We Eat:’ Food, Farming, And The Caring Family In Bihar, India”","Kantor, Hayden",,
,,2016-05-29,,,,,http://hdl.handle.net/1813/44315,45491,1813/47,,,"Behaviors, Interactions, And Communities In Networks","Kloumann, Isabel",,
,,2016-05-29,,,,,http://hdl.handle.net/1813/44318,45494,1813/47,,,How To Turn On A Riboswitch: Structural And Mechanistic Lessons Learned From S-Adenosyl-L-Methionine- And Manganese-Sensing Rnas,"Price, Ian",,
,,2016-05-29,,,,,http://hdl.handle.net/1813/44327,45503,1813/47,,,Integrated Piezoelectric Transducer Arrays For On Chip Communication And Sensing,"Hoople, Jason",,
,,2016-05-29,,,,,http://hdl.handle.net/1813/44330,45506,1813/47,,,Robustly Modeling The World From Photos,"Wilson, Kyle",,
,,2016-05-29,,,,,http://hdl.handle.net/1813/44333,45509,1813/47,,,"Demand Estimation Of Automobile Market In Shanghai, China","Shi, Kaihang",,
,,2016-05-29,,,,,http://hdl.handle.net/1813/44337,45513,1813/47,,,Microvesicles And Their Roles In Early Development,"Desrochers, Laura",,
,,2016-05-29,,,,,http://hdl.handle.net/1813/44357,45533,1813/47,,,Three Essays In Operations Management,"Nikandish, Naser",,
,,2016-05-29,,,,,http://hdl.handle.net/1813/44358,45534,1813/47,,,Learning In The Presence Of Unawareness,"Rong, Nan",,
,,2016-05-29,,,,,http://hdl.handle.net/1813/44362,45538,1813/47,,,Complaining To The Ombudsman – Alternative Dispute Resolution In The Brazilian Workplace,"Ferreira de Souza Marzionna, Paulo",,
,,2016-05-29,,,,,http://hdl.handle.net/1813/44367,45543,1813/47,,,Genetic Diversity Of Alternaria Brassicicola In New York State And Cauliflower Susceptibility To Alternaria Leaf Spot,"Kreis, Rachel",,
,,2016-05-29,,,,,http://hdl.handle.net/1813/44370,45546,1813/47,,,Yield Of Dreams: Marching West And The Politics Of Scientific Knowledge In The Brazilian Agricultural Research Corporation (Embrapa),"Nehring, Ryan",,
,,2016-05-29,,,,,http://hdl.handle.net/1813/44371,45547,1813/47,,,Unbounded Multilinear Multipliers Adapted To Large Subspaces And Estimates For Degenerate Simplex Operators,"Kesler, Robert",,
,,2016-05-29,,,,,http://hdl.handle.net/1813/44376,45552,1813/47,,,Toward An Aesthetic Of Gay Culture,"Low, Stephen",,
,,2016-05-29,,,,,http://hdl.handle.net/1813/44377,45553,1813/47,,,"Effect Of Various Ceramic Precursors On The Mechanical, Thermal, And Electrochemical Properties Of Polymer/Ceramic Nanofiber Separators For Lithium Ion Batteries","Smith, Soshana",,
,,2016-05-29,,,,,http://hdl.handle.net/1813/44381,45557,1813/47,,,Elucidating The Role Of Peptidylarginine Deiminase 2(Padi2) In Mammary Tumor Progression,"Horibata, Sachi",,
,,2016-05-29,,,,,http://hdl.handle.net/1813/44382,45558,1813/47,,,The Causes Of Indonesia'S Late Fertility Transition Stall,"Kumar, Sneha",,
,,2016-05-29,,,,,http://hdl.handle.net/1813/44384,45560,1813/47,,,Influence Of Discharge Product Formation On Lithium-Oxygen Battery Performance,"Lau, Sampson",,
,,2016-05-29,,,,,http://hdl.handle.net/1813/44388,45564,1813/47,,,The Influence Of Capital Flows On Private And Public Equity Real Estate Funds,"Suh, Sung Won",,
,,2016-05-29,,,,,http://hdl.handle.net/1813/44392,45568,1813/47,,,Home Girls And Understudies: Shy Women In Cold War Theatre And Film,"Knight, Teresa",,
,,2016-05-29,,,,,http://hdl.handle.net/1813/44393,45569,1813/47,,,Nonstandard Models Of The Weak Second Order Theory Of One Successor,"Kern, Thomas",,
,,2016-05-29,,,,,http://hdl.handle.net/1813/44396,45572,1813/47,,,Exploring Functional Landscapes Of The Cell Through The Lens Of Protein Interactome Networks,"Vo, Tommy",,
,,2016-05-29,,,,,http://hdl.handle.net/1813/44264,45440,1813/47,,,An Investigation Of The Aluminum K-Edge By Spatially Resolved X-Ray Absorption Spectroscopy,"Cahill, Adam",,
,,2016-02-01,,,,,http://hdl.handle.net/1813/43549,44712,1813/47,,,Energetics Of Nonlinear Generation Of Harmonics Through The Interaction Of An Internal Wave Beam With A Model Ocean Pycnocline,"Aksu, Anil",,
,,2016-02-01,,,,,http://hdl.handle.net/1813/43550,44713,1813/47,,,Still Haunting The Castle: Feminist And Postcolonial Gothic Theatre At The End Of The Twentieth Century,"Stratford, Aoise",,
,,2016-02-01,,,,,http://hdl.handle.net/1813/43551,44714,1813/47,,,Post-Selection Inference,"Bolotskikh, Alexandra",,
,,2016-02-01,,,,,http://hdl.handle.net/1813/43552,44715,1813/47,,,"Seismic Investigation Of Deep 2D, 3D And 4D Structures Using Body Wave Interferometry, Computer Simulations And Semi-Conventional Processing","Cabolova, Anastasija",,
,,2016-02-01,,,,,http://hdl.handle.net/1813/43556,44719,1813/47,,,Age-Related Differences In Accuracy Of Retrospective Pain Reporting,"John, Amber",,
,,2016-02-01,,,,,http://hdl.handle.net/1813/43562,44725,1813/47,,,Obligations And Blame At The Moral Epistemological Limit,"Bendorf, Adam",,
,,2016-02-01,,,,,http://hdl.handle.net/1813/43572,44735,1813/47,,,Single Cell And Single Molecule Techniques For The Analysis Of The Epigenome,"Wallin, Christopher",,
,,2016-02-01,,,,,http://hdl.handle.net/1813/43574,44737,1813/47,,,Structure And Reactivity Of Cycle And Cryptochrome: Two Key Components Of The Drosophila Circadian Clock,"Manahan, Craig",,
,,2016-02-01,,,,,http://hdl.handle.net/1813/43576,44739,1813/47,,,A Novel Atom Tracking Algorithm For The Analysis Of Complex Chemical Kinetic Networks: Applications To Soot Precursors Formation In Multicomponent Fuel Combustion,"Frewin, Christopher",,
,,2016-02-01,,,,,http://hdl.handle.net/1813/43583,44746,1813/47,,,Thermal Hydraulic Modeling Of Discretely Fractured Geothermal Reservoirs,"Fox, Don",,
,,2016-02-01,,,,,http://hdl.handle.net/1813/43584,44747,1813/47,,,Genetic Dissection Of A Candidate Gene Controlling Flower Color In Brassica (Fast Plant),"Coimbatore Nageswaran, Divyashree",,
,,2016-02-01,,,,,http://hdl.handle.net/1813/43585,44748,1813/47,,,High Energy X-Ray Diffraction Studies Of Heterogeneous Slip In Plastically Deforming Single Crystals,"Pagan, Darren",,
,,2016-02-01,,,,,http://hdl.handle.net/1813/43587,44750,1813/47,,,"Rethinking The Birth Plan: Population Control, The Cairo Consensus, And The Reform Of China'S Planned Birth Policy","Cohen, Danielle",,
,,2016-02-01,,,,,http://hdl.handle.net/1813/43591,44754,1813/47,,,Patterned Ligand Surfaces For The Study Of Egf And Ige Receptor-Mediated Signaling,"Wakefield, Devin",,
,,2016-02-01,,,,,http://hdl.handle.net/1813/43592,44755,1813/47,,,Thermal Weights For Semiclassical Vibrational Response Functions,"Moberg, Daniel",,
,,2016-02-01,,,,,http://hdl.handle.net/1813/43593,44756,1813/47,,,Mechanisms Of Transmembrane Signaling By Bacterial Chemoreceptors: Studies Of Dynamics And Cofactor Reactivity,"Samanta, Dipanjan",,
,,2016-02-01,,,,,http://hdl.handle.net/1813/43595,44758,1813/47,,,"Precarious Landscapes: Space, Identity, And Community In Migrant Italy","Fay, Elisabeth",,
,,2016-02-01,,,,,http://hdl.handle.net/1813/43598,44761,1813/47,,,Innovation From Imitation: Error In Diffusion Processes,"Gladstone, Eric",,
,,2016-02-01,,,,,http://hdl.handle.net/1813/43604,44767,1813/47,,,Women And Political Fundraising: Obstacles Overcome And Obstacles To Come,"Hoagland, Emily",,
,,2016-02-01,,,,,http://hdl.handle.net/1813/43605,44768,1813/47,,,Post-Transcriptional Gene Regulation: Roles For Micrornas In Cd8+ T Cells And Discovery Of Novel Cis-Regulatory Elements,"Wissink, Erin",,
,,2016-02-01,,,,,http://hdl.handle.net/1813/43606,44769,1813/47,,,Distinguishing Between Feeding Human Milk At The Breast And From A Bottle,"O'Sullivan, Elizabeth",,
,,2016-02-01,,,,,http://hdl.handle.net/1813/43607,44770,1813/47,,,Sexual Selection In The Field: Pre- And Postcopulatory Dynamics In A Hawaiian Cricket,"Turnell, Biz",,
,,2016-02-01,,,,,http://hdl.handle.net/1813/43610,44773,1813/47,,,Climate Extremes In A General Climate Model With Stochastic Parameterizations,"Tagle, Felipe",,
,,2016-02-01,,,,,http://hdl.handle.net/1813/43611,44774,1813/47,,,Effects Of A Design Intervention For Facilitating Pet Visits To Long-Term Residents In An Aged Care Facility,"Zhang, Fang",,
,,2016-02-01,,,,,http://hdl.handle.net/1813/43615,44778,1813/47,,,Dynamic Simulation Of Nonlinear Hybrid Rigid-Object Systems With Intermittent Non-Holonomic Constraints: In Search Of Stable Passive Hopping,"Stiesberg, Gregory",,
,,2016-02-01,,,,,http://hdl.handle.net/1813/43624,44787,1813/47,,,Arsenic(V) Removal From Drinking Water By Concurrent Introduction Of As Contaminated Water And Polyaluminum Chloride In A Sand Filter Medium,"Zhi, Hui",,
,,2016-02-01,,,,,http://hdl.handle.net/1813/43628,44791,1813/47,,,"French Scenic Wallpaper In The American House Museum: A Panoramic View Of Its History, Production, Role In The Arts, Selection, Installation, Care, And Conservation, With A Special Focus On Lindenwald And Vizcaya","Follman, Jessica",,
,,2016-02-01,,,,,http://hdl.handle.net/1813/43633,44796,1813/47,,,Dynamic Phenomena In The Lakes And Seas Of Titan,"Hofgartner, Jason",,
,,2016-02-01,,,,,http://hdl.handle.net/1813/43635,44798,1813/47,,,The Stimulation Impact Of Homogeneous And Heterogeneous Visuals On Nominal And Interactive Group Brainstorming,"Guo, Jing",,
,,2016-02-01,,,,,http://hdl.handle.net/1813/43636,44799,1813/47,,,Ordered Three-Dimensional Carbon-Based Multifunctional Nanohybrids For Energy Storage,"Werner, Joerg",,
,,2016-02-01,,,,,http://hdl.handle.net/1813/43649,44812,1813/47,,,Functional Diversity In Summer Annual Grass And Legume Forage Intercrops,"Bybee-Finley, Kristine",,
,,2016-02-01,,,,,http://hdl.handle.net/1813/43652,44815,1813/47,,,Dynamic Regulation Of Intestinal Stem Cell Niche And Colon Cancer Stem Cell Division,"Chen, Kai-Yuan",,
,,2016-02-01,,,,,http://hdl.handle.net/1813/43654,44817,1813/47,,,Structures And Reactions Of Glycinimine-Derived Enolates,"Jin, Kyoung Joo",,
,,2016-02-01,,,,,http://hdl.handle.net/1813/43656,44819,1813/47,,,Parametric Frequency Comb Generation In Visible And Mid-Infrared Wavelengths With Integrated Silicon Nitride Ring Resonators,"Luke, Kevin",,
,,2016-02-01,,,,,http://hdl.handle.net/1813/43660,44823,1813/47,,,Silica-Based Nanomaterials For Cancer Theranostics,"Ma, Kai",,
,,2016-02-01,,,,,http://hdl.handle.net/1813/43662,44825,1813/47,,,Black And White Makes Gray: A Look At The Impact Of Race On Child Witness Credibility,"Ojeda, Karen",,
,,2016-02-01,,,,,http://hdl.handle.net/1813/43663,44826,1813/47,,,Non-Black Box Use Of Code In Cryptography,"Seth, Karn",,
,,2016-02-01,,,,,http://hdl.handle.net/1813/43665,44828,1813/47,,,"Functional Rhizosphere Microbiomes And Effects On Plant-Host Growth, Development, And Abiotic Stress Tolerance","Panke-Buisse, Kevin",,
,,2016-02-01,,,,,http://hdl.handle.net/1813/43671,44834,1813/47,,,Summarization And Sentiment Analysis For Understanding Socially-Generated Content,"Wang, Lu",,
,,2016-02-01,,,,,http://hdl.handle.net/1813/43672,44835,1813/47,,,Musical Intentionality: Between Objects And Meaning,"Lee, Mike",,
,,2016-02-01,,,,,http://hdl.handle.net/1813/43673,44836,1813/47,,,Characterization Of The Macrophage Response To Peripheral Nerve Injury,"Bernard, Megan",,
,,2016-02-01,,,,,http://hdl.handle.net/1813/43675,44838,1813/47,,,Rapid Social And Hormonal Modulation Of Ultrasonic Vocalizations In The Golden Hamster (Mesocricetus Auratus),"Fernandez Peters, Marcela",,
,,2016-02-01,,,,,http://hdl.handle.net/1813/43678,44841,1813/47,,,Rape'S Reprisals: Missing Sexual Violence In Early Modern French Literature,"Kruer, Megan",,
,,2016-02-01,,,,,http://hdl.handle.net/1813/43679,44842,1813/47,,,Language-Dependent Recall Of Autobiographical Memories In English-Mandarin Bilingual Singaporeans,"Ng Wenlin, Mairin",,
,,2016-02-01,,,,,http://hdl.handle.net/1813/43683,44846,1813/47,,,Spatial Ecology And Recolonization Dynamics Of Moose In New York And Northeastern North America,"Crum, Nathan",,
,,2016-02-01,,,,,http://hdl.handle.net/1813/43686,44849,1813/47,,,"Tender Struggles: Geography, Affect, And Modes Of Politics In Contemporary U.S. Latina/O Fiction","Figueredo, Oscar",,
,,2016-02-01,,,,,http://hdl.handle.net/1813/43689,44852,1813/47,,,Engineering Ordered Bicontinuous Networks Formed By Block Copolymers With Additives Using Molecular Modeling,"Padmanabhan, Poornima",,
,,2016-02-01,,,,,http://hdl.handle.net/1813/43690,44853,1813/47,,,Produce Buyer Quality Requirements To Form An Eastern Broccoli Industry,"Coles, Phillip",,
,,2016-02-01,,,,,http://hdl.handle.net/1813/43691,44854,1813/47,,,Using A Non-Dominated Sorting Genetic Algorithm (Nsga-Ii) To Solve The Transit Network Design Problem,"Wang, Peng",,
,,2016-02-01,,,,,http://hdl.handle.net/1813/43695,44858,1813/47,,,Experience-Taking And The Possibility To Buffer Against Stereotype Threat,"Rappaport, Roxanne",,
,,2016-02-01,,,,,http://hdl.handle.net/1813/43700,44863,1813/47,,,"Telling Girlhood: Girls' Studies, Reparative Trauma And 20Th Century U.S. Popular Culture","Foster, Shyla",,
,,2016-02-01,,,,,http://hdl.handle.net/1813/43705,44868,1813/47,,,Pyrogenic Carbon Distribution And Controls In Soils Of The United States,"Jauss, Sabine-Verena",,
,,2016-02-01,,,,,http://hdl.handle.net/1813/43707,44870,1813/47,,,"Potato (Solanum Tubersum L.) Variety Diversity, Attributes And Farmers/ Needs In Ethiopia","Kolech, Semagn-Asredie",,
,,2016-02-01,,,,,http://hdl.handle.net/1813/43718,44881,1813/47,,,The Influence In News Stories Of Criminal Intentionality And Criminal And Victim Affective Dispositions On Support For Policy About Alcohol Crimes,"Lee, Tae Kyoung",,
,,2016-02-01,,,,,http://hdl.handle.net/1813/43726,44889,1813/47,,,An Examination Of Emotion In Social And Cognitive Processes,"DeFraine, William",,
,,2016-02-01,,,,,http://hdl.handle.net/1813/43728,44891,1813/47,,,Cupellation At Kea: Investigating Potential Applications Of The Minoan Conical Cup,"Mastandrea, William",,
,,2016-02-01,,,,,http://hdl.handle.net/1813/43729,44892,1813/47,,,Hybrid Memories For Energy Efficient Computing Systems,"Yu, Wing-kei",,
,,2016-02-01,,,,,http://hdl.handle.net/1813/43732,44895,1813/47,,,The Role Of Local Economic Development Policies In The Promotion Of Sustainable Development,"Zhang, Xue",,
,,2016-02-01,,,,,http://hdl.handle.net/1813/43735,44898,1813/47,,,"Chinese Labor Earnings, Economic Sectors, And Individual Characteristics From 2010 To 2012","Shen, Yu",,
,,2016-05-29,,,,,http://hdl.handle.net/1813/44272,45448,1813/47,,,Synthesis And Study Of Functionalized Polydimethylsiloxane Block Copolymers: Control Of Surface Properties And Use In Antibiofouling Coatings,"Wenning, Brandon",,
,,2016-05-29,,,,,http://hdl.handle.net/1813/44274,45450,1813/47,,,High Mobility Of Sputtered In2Ga2Zno7 (Igzo) Thin Film Transistors (Tfts),"Chung, Chen-Yang",,
,,2016-05-29,,,,,http://hdl.handle.net/1813/44277,45453,1813/47,,,"Competing Modes Of Remembrance: Tsunami Commemoration In Takuapa, Thailand","Croteau, Chantal",,
,,2016-05-29,,,,,http://hdl.handle.net/1813/44278,45454,1813/47,,,Emotion Regulation And Cognitive Representation Modulate Neural Activation To Risky Gains And Losses,"Chick, Christina",,
,,2016-05-29,,,,,http://hdl.handle.net/1813/44281,45457,1813/47,,,Effect Of Host Immunity And Co-Infection On Larval Toxocariasis,"Lee, Che Yu",,
,,2016-05-29,,,,,http://hdl.handle.net/1813/44283,45459,1813/47,,,In Observance Of The Everyday: The Concept Of Assent In Pyrrhonian Skepticism,"Roberts, Clifford",,
,,2016-05-29,,,,,http://hdl.handle.net/1813/44287,45463,1813/47,,,Network-Structured Error Flattening For Power Grids And Other Real-World Networks,"Ponce, Colin",,
,,2016-05-29,,,,,http://hdl.handle.net/1813/44289,45465,1813/47,,,What'S So Funny?: Satire And African American Literature And Culture In The Twenty-First Century,"Morgan, Danielle",,
,,2016-05-29,,,,,http://hdl.handle.net/1813/44291,45467,1813/47,,,Sticky-Probe Microrheology,"Huang, Derek",,
,,2016-05-29,,,,,http://hdl.handle.net/1813/44292,45468,1813/47,,,Joint Density-Functional Theory For Energetics And Spectroscopy In Complex Aqueous And Nonaqueous Solvents,"Gunceler, Deniz",,
,,2016-05-29,,,,,http://hdl.handle.net/1813/44293,45469,1813/47,,,Drug Price Control Policy And Access To Malarial Drugs In India,"Mohapatra, Debi Prasad",,
,,2016-05-29,,,,,http://hdl.handle.net/1813/44294,45470,1813/47,,,Training Paradigms For Deep Residual Networks,"Sedra, Daniel",,
,,2016-05-29,,,,,http://hdl.handle.net/1813/44299,45475,1813/47,,,Flexible And Efficient Accelerator Architecture For Runtime Monitoring,"Deng, Danny",,
,,2016-05-29,,,,,http://hdl.handle.net/1813/44303,45479,1813/47,,,A Quantitative Analysis Of Stone Buildings And Assessment Of The Masonry Labor Market In New York State,"FitzGerald, Edward",,
,,2016-05-29,,,,,http://hdl.handle.net/1813/44305,45481,1813/47,,,"Cisco Spawning In Chaumont Bay, Lake Ontario","George, Ellen",,
,,2016-05-29,,,,,http://hdl.handle.net/1813/44310,45486,1813/47,,,A Study On The Surface Chemistry Of Lead Chalcogenides Nanocrystals And Patchy Colloidal Particles,"Mera, Hilda",,
,,2016-02-01,,,,,http://hdl.handle.net/1813/44317,45493,1813/47,,,Deep Learning For Robotics,"Lenz, Ian",,
,,2016-05-29,,,,,http://hdl.handle.net/1813/44321,45497,1813/47,,,Beyond 'Counting Sheep': Isotopic Approaches To Minoan And Late Cypriot Shepherding,"Leon, Jeffrey",,
,,2016-05-29,,,,,http://hdl.handle.net/1813/44322,45498,1813/47,,,"Ecoimmunology Of The Asian Longhorned Beetle, Anoplophora Glabripennis","Fisher, Joanna",,
,,2016-05-29,,,,,http://hdl.handle.net/1813/44328,45504,1813/47,,,"Low-Temperature Geothermal Energy: Systems Modeling, Reservoir Simulation, And Economic Analysis","Beckers, Koenraad",,
,,2016-05-29,,,,,http://hdl.handle.net/1813/44338,45514,1813/47,,,"Monte Carlo Molecular Simulations To Determine The Isobaric Heat Capacity Of Co2, Methanol, And Their Mixtures Using Thermodynamic Fluctuations In The Isothermal-Isobaric Ensemble And The Grand Canonical Ensemble","Stutzman, Lauren",,
,,2016-05-29,,,,,http://hdl.handle.net/1813/44341,45517,1813/47,,,Soil Amendments And Tillage Depth In Matted Row Strawberry Fields And Their Effects On Soil Health Indicator Tests And Yield,"Gannett, Maria",,
,,2016-05-29,,,,,http://hdl.handle.net/1813/44344,45520,1813/47,,,A Comprehensive Analytical Approach For Achieving Successful Biodiversity Offsets In Latin America,"Carreras Gamarra, Maria",,
,,2016-05-29,,,,,http://hdl.handle.net/1813/44348,45524,1813/47,,,Fabricating Multifunctional Coatings Using Layer-By-Layer Langmuir-Blodgett Processes,"Kim, Mun Sek",,
,,2016-05-29,,,,,http://hdl.handle.net/1813/44353,45529,1813/47,,,Single Cell Force Generation And Transmission Within Collagen Matrices,"Hall, Matthew",,
,,2016-05-29,,,,,http://hdl.handle.net/1813/44354,45530,1813/47,,,"Consumer Food Preferences: Three Essays On Labeling, Anti-Obesity Policies And Social Presence","Streletskaya, Nadezhda",,
,,2016-05-29,,,,,http://hdl.handle.net/1813/44359,45535,1813/47,,,Search For New Superfluid States Of 3He Confined In Coherence Length Sized Nanofabricated Structures,"Zhelev, Nikolay",,
,,2016-05-29,,,,,http://hdl.handle.net/1813/44365,45541,1813/47,,,Memory Vs Momentum - Exploring Momentum Strategies With The Hurst Exponent,"Miao, Qisiyu",,
,,2016-05-29,,,,,http://hdl.handle.net/1813/44372,45548,1813/47,,,"Race, Untimely Freedom, And The Question Of Leadership In Aimé CéSaire'S Theatre","Ndayizigamiye, Richard",,
,,2016-05-29,,,,,http://hdl.handle.net/1813/44373,45549,1813/47,,,State Ownership In Terms Of Transition: Curse Or Blessing. The Cases Of Kazakhstan And China,"Nurgozhayeva, Roza",,
,,2016-05-29,,,,,http://hdl.handle.net/1813/44375,45551,1813/47,,,A Study On Synthesis And Characterization Of Thin Polymer/Ceramic Hybrid Film Separators And Metal Oxide Coated Electrodes For Lithium Ion Batteries,"Atluri, Sri Dithya",,
,,2016-05-29,,,,,http://hdl.handle.net/1813/44387,45563,1813/47,,,Bayesian Nonparametric Methods In Marketing,"Satyavolu, Saisandeep",,
,,2016-05-29,,,,,http://hdl.handle.net/1813/44395,45571,1813/47,,,Prediction-Guided Performance-Energy Trade-Off With Continuous Run-Time Adaptation,"Song, Taejoon",,
,,2016-05-29,,,,,http://hdl.handle.net/1813/44400,45576,1813/47,,,Life-Cycle Management For Sustainable Infrastructure Systems Using Stochastic Dynamic Programming And Evolutionary Algorithms,"Deng, Yan",,
,,2016-05-29,,,,,http://hdl.handle.net/1813/44402,45578,1813/47,,,Reductive Dechlorination Of Tce By Kb-1Tm -Inoculated Mulch Columns In The Presence Of Various Terminal Electron Acceptors,"Jin, Ye",,
,,2016-05-29,,,,,http://hdl.handle.net/1813/44403,45579,1813/47,,,Indoor Locating By Broadband Harmonic Rf Backscatter,"Ma, Yunfei",,
